Query,Execution Times
Query 1,0.8210232257843018,0.8131489753723145,0.9100215435028076,0.8106586933135986,0.7512502670288086,0.879995584487915,0.8914117813110352,0.7900006771087646,1.112004041671753,1.0932698249816895,0.8499948978424072,0.7742733955383301,0.7780072689056396,0.8689968585968018,0.8179280757904053,0.7889940738677979,0.7870035171508789,0.7794089317321777,0.8609998226165771,0.7790288925170898,0.8109357357025146,0.8629746437072754,0.7651588916778564,0.7550244331359863,0.8520233631134033,0.8028662204742432,0.8060019016265869,0.7879989147186279,0.9177114963531494,0.9620013236999512
Query 2,1.5986747741699219,1.7143774032592773,1.4964978694915771,1.6723978519439697,1.5753376483917236,1.4770028591156006,1.4701740741729736,1.5731136798858643,1.5441460609436035,1.3750073909759521,1.401977777481079,1.8226771354675293,1.3361966609954834,1.4160103797912598,1.460672378540039,1.4051084518432617,1.6209969520568848,1.5503599643707275,1.4631531238555908,1.4650230407714844,1.4356095790863037,1.499232292175293,1.9259209632873535,1.5572566986083984,1.5980300903320312,2.8273496627807617,2.0243399143218994,1.464000940322876,1.3592033386230469,1.801149606704712
Query 3,0.32302045822143555,0.4569885730743408,0.4139888286590576,0.3120279312133789,0.3421165943145752,0.37532997131347656,0.31799817085266113,0.3490006923675537,0.4750044345855713,0.334993839263916,0.3240032196044922,0.44842052459716797,0.32999300956726074,0.3310067653656006,0.49199485778808594,0.3559989929199219,0.31702470779418945,0.47759580612182617,0.30500221252441406,0.33499836921691895,0.4500007629394531,0.387998104095459,0.33499979972839355,0.45579075813293457,0.31999993324279785,0.3170044422149658,0.50099778175354,0.35199809074401855,0.31800079345703125,0.4225614070892334
Query 4,1.7429993152618408,1.9389004707336426,2.1336305141448975,2.2988269329071045,1.8888111114501953,1.8727588653564453,2.177438259124756,1.886418342590332,1.8628857135772705,1.9263997077941895,1.8176593780517578,1.9439697265625,1.9436776638031006,1.9538795948028564,1.8458952903747559,3.1394941806793213,2.5643677711486816,2.0256738662719727,2.224010467529297,2.7823824882507324,1.9834425449371338,1.8050251007080078,1.9320182800292969,1.8802499771118164,1.7863719463348389,1.9142262935638428,1.9539241790771484,2.808751344680786,2.166510581970215,2.7760260105133057
