Query,Execution Times
Q1,0.05057978630065918,18.70846700668335,18.538028478622437,18.375969409942627,18.89100456237793,18.289997339248657,18.387001276016235,18.737000465393066,18.177998542785645,18.30500292778015,18.63600468635559,18.36400270462036,18.2719886302948,18.76200032234192,18.519999742507935,18.207999229431152,18.327016592025757,18.690987586975098,18.554996013641357,18.37200117111206,18.68000340461731,18.238999605178833,18.279995679855347,18.751999378204346,18.334001302719116,18.330023765563965,18.712976455688477,18.463999032974243,18.239025831222534,20.040973901748657
Q2,0.03798365592956543,36.27899646759033,37.76099467277527,36.488003730773926,37.476001262664795,37.27899670600891,36.13400363922119,36.85602068901062,36.64100122451782,36.57597875595093,36.84600019454956,36.31499910354614,37.280019998550415,36.274977922439575,36.513996839523315,36.61600470542908,36.48799705505371,38.98600459098816,36.81899881362915,36.26099467277527,36.68002772331238,36.21197462081909,37.2940239906311,36.62897515296936,36.4370014667511,36.50999879837036,36.97400617599487,36.77299427986145,36.49300289154053,36.78902292251587
Q3,0.03600263595581055,5.401995420455933,4.460022211074829,4.4740025997161865,4.4549994468688965,4.384000301361084,4.350972890853882,4.379004001617432,4.374005556106567,4.352017879486084,4.381977558135986,4.3780198097229,4.349980592727661,4.360999345779419,4.366001844406128,4.422998666763306,4.252015113830566,4.481986999511719,4.3849992752075195,4.351992607116699,4.432007312774658,4.381995677947998,4.355007886886597,4.343991279602051,4.497004508972168,4.354022026062012,4.4699766635894775,4.339022874832153,4.369983434677124,5.244992971420288
Q4,0.026843547821044922,47.179396629333496,50.64300036430359,47.99299669265747,48.997007846832275,50.21912622451782,48.91798949241638,48.73802423477173,49.03799843788147,52.07497501373291,49.292009353637695,48.77899527549744,48.63099670410156,50.13400101661682,48.93699932098389,50.19902467727661,48.867976665496826,48.079002141952515,48.62501764297485,48.570979833602905,48.685999393463135,48.19702410697937,49.47897672653198,47.92600631713867,48.72101593017578,49.29597616195679,48.1809983253479,49.64901041984558,48.09799265861511,48.81102275848389
