Query,Execution Times
Q1,2.3813254833221436,10.211686611175537,9.547024250030518,9.589996099472046,9.231001853942871,9.53197693824768,9.63099980354309,9.436004638671875,9.59999704360962,9.338019609451294,10.086976766586304,9.92400074005127,9.92699933052063,9.958999156951904,11.59300684928894,11.360000610351562,10.574998140335083,9.211997270584106,9.284024238586426,9.519973993301392,9.232000589370728,9.329999685287476,11.432998418807983,9.351022720336914,9.215980529785156,9.253001689910889,9.330998420715332,9.12602186203003,9.138983964920044,9.322995901107788
Q2,0.05197858810424805,18.01102089881897,18.659973621368408,18.931002616882324,19.815004348754883,18.452999591827393,18.893999338150024,18.532002925872803,18.769017696380615,18.27297830581665,18.62300395965576,18.60501718521118,18.81297492980957,18.14002561569214,18.376978158950806,18.208998680114746,18.042022228240967,18.214985847473145,18.91166663169861,18.26003336906433,18.611990213394165,18.351998329162598,18.050007343292236,18.09999704360962,18.33500051498413,18.483999013900757,18.061023473739624,18.1589777469635,19.571003675460815,19.641998291015625
Q3,0.0810086727142334,2.6989922523498535,2.1250030994415283,2.2240216732025146,3.9349820613861084,4.155995607376099,2.377000570297241,2.2780089378356934,2.431994915008545,2.4149928092956543,2.219003677368164,2.2049965858459473,2.2690024375915527,2.2380027770996094,2.169994831085205,2.178022861480713,2.230975866317749,2.147026538848877,2.1789803504943848,2.159994602203369,2.1780006885528564,2.1630067825317383,2.2769935131073,2.1399986743927,2.2030088901519775,2.179016351699829,2.204986095428467,2.1429882049560547,2.182002067565918,2.1730027198791504
Q4,0.031975507736206055,25.416998386383057,24.286998987197876,24.853999853134155,25.568025827407837,34.906986236572266,36.75699281692505,29.134021043777466,24.00200128555298,24.14498019218445,24.43900203704834,24.04701852798462,24.08999538421631,24.082977771759033,24.239999055862427,24.40500020980835,23.986000299453735,24.662025928497314,24.238000631332397,24.351977348327637,24.903996467590332,23.959999561309814,24.70802593231201,23.968974590301514,24.02200722694397,24.01199221611023,24.255000352859497,24.98002552986145,24.25097918510437,24.245034217834473
