Query,Execution Times
Q1,3.013000965118408,4.155973672866821,3.304999828338623,3.147228479385376,3.6589999198913574,4.285973072052002,3.2270009517669678,4.641998767852783,5.2491700649261475,7.017999172210693,5.182997465133667,5.443999290466309,4.699724435806274,7.480976581573486,5.991994142532349,1.8499994277954102,1.7979846000671387,1.8419959545135498,2.6149742603302,1.851024866104126,2.188002109527588,1.773000717163086,1.823972225189209,5.838024854660034,5.58997368812561,5.933000564575195,5.236032485961914,5.141997575759888,5.096996307373047,5.425999641418457
Q2,2.939999580383301,3.723017692565918,2.9509990215301514,3.316995859146118,3.107999324798584,3.6250147819519043,3.8310041427612305,3.415957450866699,7.234842538833618,4.806026935577393,5.310003280639648,5.7920241355896,4.793004035949707,7.128004550933838,4.835346698760986,1.9490063190460205,1.9389913082122803,2.1600260734558105,2.086998224258423,1.7039787769317627,2.0029995441436768,1.9529798030853271,2.4519994258880615,6.534998893737793,5.930003643035889,5.8700244426727295,5.2129998207092285,5.185997247695923,5.13102650642395,5.508001327514648
Q3,2.8872616291046143,3.382982015609741,3.166977882385254,2.9670064449310303,3.0701100826263428,4.5699872970581055,3.5460007190704346,5.5669519901275635,6.543996334075928,5.240974187850952,5.2189781665802,5.698979616165161,5.508999347686768,6.955996513366699,4.980288028717041,1.7489891052246094,1.7880077362060547,2.6319756507873535,1.7549974918365479,1.7239995002746582,2.1370038986206055,2.3040192127227783,6.055999755859375,5.791000127792358,5.5110228061676025,5.385974407196045,5.251132965087891,5.224199056625366,5.28571081161499,5.1791229248046875
Q4,2.8890230655670166,3.7200262546539307,3.4070231914520264,4.341994285583496,4.393020868301392,3.2762670516967773,4.103641033172607,5.133011817932129,6.323001384735107,5.391026020050049,5.451995372772217,5.305995464324951,4.669024229049683,7.450000524520874,5.349622011184692,1.7760214805603027,1.7869977951049805,2.0140271186828613,1.779001235961914,1.6899981498718262,2.6990184783935547,3.0680007934570312,5.679000616073608,5.938999891281128,5.662975072860718,5.31300163269043,5.163996934890747,5.182271480560303,5.4549720287323,5.182023286819458
