Query,Execution Times
Q1,0.948026180267334,0.839000940322876,0.8019955158233643,0.7550032138824463,0.7489726543426514,0.737027645111084,0.7439205646514893,0.7660017013549805,1.0910029411315918,1.1140005588531494,1.1119980812072754,1.1650002002716064,1.1309735774993896,1.1181752681732178,1.1259956359863281,0.4158751964569092,0.40398120880126953,0.4100213050842285,0.40799808502197266,0.3989713191986084,0.4109768867492676,0.41002368927001953,0.43400096893310547,1.3179998397827148,1.4019718170166016,1.2999730110168457,1.440004825592041,1.3439955711364746,1.3399765491485596,1.334395408630371
Q2,0.7619731426239014,0.745997428894043,0.8119997978210449,0.7329962253570557,0.741004467010498,0.6979780197143555,0.6939761638641357,0.7080011367797852,1.089024305343628,1.544975757598877,1.118997573852539,1.1779756546020508,1.395007610321045,1.1639912128448486,1.0950024127960205,0.406017541885376,0.3999955654144287,0.47997307777404785,0.3889732360839844,0.4040253162384033,0.3910257816314697,0.40700292587280273,0.3859987258911133,1.3610005378723145,1.49399995803833,1.321000337600708,1.361994743347168,1.3420002460479736,1.3800022602081299,1.3009724617004395
Q3,0.7610025405883789,0.7290017604827881,0.6790032386779785,0.806004524230957,0.7200219631195068,0.7349998950958252,0.703995943069458,1.1159965991973877,1.086000680923462,1.9379985332489014,1.0950026512145996,1.147024154663086,1.4959971904754639,1.0974395275115967,1.0890259742736816,0.42600011825561523,0.4150271415710449,0.5940027236938477,0.4029996395111084,0.4149775505065918,0.4039790630340576,0.40000057220458984,1.4560000896453857,1.2749996185302734,1.3970239162445068,1.3790042400360107,1.3344054222106934,1.360177755355835,1.2860212326049805,1.3219990730285645
Q4,0.7869992256164551,1.3240017890930176,0.7049970626831055,0.7470228672027588,0.7209725379943848,0.7220027446746826,0.764000654220581,1.2360131740570068,1.1259996891021729,1.2030272483825684,1.1709997653961182,1.1269993782043457,1.1230216026306152,1.2190015316009521,1.0649995803833008,0.402996301651001,0.3929789066314697,0.3910253047943115,0.3960294723510742,0.3910233974456787,0.3909919261932373,0.3939995765686035,1.2939999103546143,1.30900239944458,1.3990018367767334,1.3467133045196533,1.388002634048462,1.417999267578125,1.7090015411376953,1.4310002326965332
