Query,Execution Times
Q1,1.457026481628418,1.4730000495910645,1.4560225009918213,1.4230055809020996,1.458996295928955,1.4790046215057373,1.4280006885528564,1.4759957790374756,2.3070273399353027,2.3720004558563232,2.1800003051757812,2.2668049335479736,2.2800240516662598,2.341000556945801,2.3390023708343506,0.8270003795623779,0.8170220851898193,0.8779788017272949,0.8120191097259521,0.8149905204772949,1.5959947109222412,1.0719735622406006,0.8470227718353271,2.703216075897217,2.7160046100616455,2.6579995155334473,2.572000741958618,2.675995111465454,2.680253028869629,2.8000283241271973
Q2,1.4219748973846436,1.4189984798431396,1.3929789066314697,1.5139973163604736,1.4639990329742432,1.4859979152679443,1.4180028438568115,1.4690053462982178,2.233973264694214,2.2799999713897705,2.3199996948242188,2.394973039627075,2.3319993019104004,2.3030009269714355,2.305741786956787,0.9229774475097656,0.8019998073577881,0.8110251426696777,0.8030004501342773,0.8010282516479492,1.1719977855682373,0.8470253944396973,0.8999996185302734,3.841989517211914,2.734998941421509,3.5299997329711914,2.703023672103882,2.7800025939941406,2.8139750957489014,2.681000232696533
Q3,1.492997169494629,1.428999662399292,1.6199986934661865,1.3880038261413574,1.4170076847076416,1.4739971160888672,1.4969971179962158,2.3079967498779297,2.366004705429077,2.243004560470581,2.231003522872925,2.2750043869018555,2.3149993419647217,2.3125319480895996,2.26900053024292,0.8390226364135742,0.8039777278900146,0.8109982013702393,0.8239994049072266,1.718977689743042,0.8500022888183594,0.8169724941253662,2.8474464416503906,4.3499956130981445,2.6090235710144043,3.148003578186035,2.663973808288574,2.828003168106079,2.64399790763855,2.7737820148468018
Q4,1.4470021724700928,1.506002426147461,1.434997320175171,1.5079972743988037,1.4879939556121826,1.4449989795684814,1.4120047092437744,2.2239949703216553,2.2459945678710938,2.2327353954315186,2.2199974060058594,2.259999990463257,2.3289995193481445,2.24399995803833,2.23099946975708,0.8089776039123535,0.806023120880127,0.8079779148101807,0.8089821338653564,1.1700048446655273,0.8270237445831299,0.8250060081481934,2.609997272491455,3.4299983978271484,2.6389737129211426,2.6399991512298584,2.664003372192383,2.6359939575195312,3.1899988651275635,2.603999376296997
